{"cameraMode":{"drawMode":0,"name":"Shaded","section":"Shading Mode"},"sceneLighting":true,"audioPlay":false,"sceneViewState":{"showFog":true,"showMaterialUpdate":false,"showSkybox":true,"showFlares":true,"showImageEffects":true,"showParticleSystems":true},"in2DMode":false,"pivot":{"x":5.089512825012207,"y":0.13936519622802735,"z":4.282197952270508},"rotation":{"x":0.5663654804229736,"y":0.02471570111811161,"z":-0.01699606515467167,"w":0.823609471321106},"size":5.046989440917969,"orthographic":false}