{"cameraMode":{"drawMode":0,"name":"Shaded","section":"Shading Mode"},"sceneLighting":true,"audioPlay":false,"sceneViewState":{"showFog":true,"showMaterialUpdate":false,"showSkybox":true,"showFlares":true,"showImageEffects":true,"showParticleSystems":true},"in2DMode":false,"pivot":{"x":4.846568584442139,"y":-0.09608745574951172,"z":3.6011738777160646},"rotation":{"x":0.5959042310714722,"y":-0.0036137241404503586,"z":0.0026815892197191717,"w":0.8030440807342529},"size":7.178520679473877,"orthographic":false}