{"cameraMode":{"drawMode":0,"name":"Shaded","section":"Shading Mode"},"sceneLighting":true,"audioPlay":false,"sceneViewState":{"showFog":true,"showMaterialUpdate":false,"showSkybox":true,"showFlares":true,"showImageEffects":true,"showParticleSystems":true},"in2DMode":false,"pivot":{"x":2.296142578125,"y":0.5089111328125,"z":3.84765625},"rotation":{"x":-0.15988759696483613,"y":0.6886172890663147,"z":-0.15977591276168824,"w":-0.6890348792076111},"size":7.091334819793701,"orthographic":true}