{"cameraMode":{"drawMode":0,"name":"Shaded","section":"Shading Mode"},"sceneLighting":true,"audioPlay":false,"sceneViewState":{"showFog":true,"showMaterialUpdate":false,"showSkybox":true,"showFlares":true,"showImageEffects":true,"showParticleSystems":true},"in2DMode":false,"pivot":{"x":489.1747131347656,"y":263.4283752441406,"z":-0.40423583984375},"rotation":{"x":0.0029999944381415846,"y":9.424916402878126e-10,"z":9.198320057024479e-12,"w":0.9999953508377075},"size":309.80841064453127,"orthographic":false}